country,type,point,era5_lat,era5_lon,reference_lat,reference_lon,selection_method,cluster_id,cluster_assets,cluster_capacity_mw,distance_reference_era5_km,gfs_lat,gfs_lon,distance_gfs_era5_km
BE,load,1,50.75,4.5,50.854847977089925,4.406216183280526,population_density_weighted_kmeans_load,1,8,,13.392481144268887,50.742188,4.453125,3.410576534665975
BE,load,2,50.75,5.5,50.74424614860259,5.52180770279482,population_density_weighted_kmeans_load,2,3,,1.6623952507525173,50.742188,5.507812,1.0279466996777362
BE,load,3,51.25,3.0,51.21348272960117,3.021734760336627,population_density_weighted_kmeans_load,3,2,,4.333371822913733,51.210938,3.046875,5.433116658531866
BE,load,4,51.0,3.5,50.966232117563735,3.5413031515580737,population_density_weighted_kmeans_load,4,2,,4.739034851928809,50.976562,3.515625,2.8263623261105026
BE,offshore,1,51.5,2.75,51.5,2.75,single_offshore_zone_spatial_era5_grid,1,10,2262.1,0.0,51.445312,2.695312,7.164239244113587
BE,offshore,2,51.75,2.75,51.75,2.75,single_offshore_zone_spatial_era5_grid,2,10,2262.1,0.0,51.796875,2.695312,6.428541006780736
BE,offshore,3,51.5,3.0,51.5,3.0,single_offshore_zone_spatial_era5_grid,3,10,2262.1,0.0,51.445312,3.046875,6.893451443387076
BE,offshore,4,51.75,3.0,51.75,3.0,single_offshore_zone_spatial_era5_grid,4,10,2262.1,0.0,51.796875,3.046875,6.129406385991295
BE,onshore,1,50.75,4.25,50.830010575926856,4.208489325549151,capacity_weighted_kmeans_onshore,1,168,893.958,9.363056415258132,50.742188,4.21875,2.364105081430157
BE,onshore,2,51.0,5.0,50.87551216760854,5.1041580635854515,capacity_weighted_kmeans_onshore,2,217,1252.772,15.64864083977123,50.976562,5.039062,3.777265659955099
BE,onshore,3,51.0,3.5,51.03277155385162,3.498531676948346,capacity_weighted_kmeans_onshore,3,134,749.455,3.6454778034946003,50.976562,3.515625,2.8263623261105026
BE,onshore,4,50.25,5.75,50.130539032676346,5.821125111514522,capacity_weighted_kmeans_onshore,4,22,192.8,14.21580535841258,50.273438,5.742188,2.6646920894830823
BE,solar,1,50.75,4.25,50.8503,4.3517,solar_missing_assets_country_cross_fallback,1,0,0.0,13.246503061253586,50.742188,4.21875,2.364105081430157
BE,solar,2,51.0,4.25,51.1003,4.3517,solar_missing_assets_country_cross_fallback,2,0,0.0,13.225874015364136,50.976562,4.21875,3.4024504022619664
BE,solar,3,50.5,4.25,50.6003,4.3517,solar_missing_assets_country_cross_fallback,3,0,0.0,13.267136932479856,50.507812,4.21875,2.3746685527846636
BE,solar,4,50.75,4.5,50.8503,4.6017,solar_missing_assets_country_cross_fallback,4,0,0.0,13.246503061253586,50.742188,4.453125,3.410576534665975
DE,load,1,48.5,10.75,48.37841532497739,10.670906202351725,population_density_weighted_kmeans_load,1,2,,14.724884824734096,48.515625,10.78125,2.88418115270078
DE,load,2,50.25,7.75,50.335320385397026,7.720836775492104,population_density_weighted_kmeans_load,2,9,,9.710759970957081,50.273438,7.734375,2.8329960159600653
DE,load,3,52.0,13.0,51.888247832040165,13.069632952989503,population_density_weighted_kmeans_load,3,4,,13.311383161552131,52.03125,13.007812,3.5157263247615664
DE,load,4,53.0,9.5,53.08819942685199,9.595444662559105,population_density_weighted_kmeans_load,4,4,,11.700196851446538,52.96875,9.492188,3.513973373538571
DE,offshore,1,54.25,6.25,54.31843531875291,6.2661590507212654,offshore_ranked_capacity_cluster_1,2,5,2149.0,7.681610716911918,54.257812,6.210938,2.68201278105902
DE,offshore,2,54.75,14.0,54.80718304761905,14.095761904761906,offshore_ranked_capacity_cluster_2,1,2,735.0,8.839958471827103,54.726562,13.945312,4.372285819796673
DE,offshore,3,54.5,6.25,54.41164949970571,6.191165862271925,offshore_fill_from_highest_capacity_cluster,2_fill_1,4,1699.0,10.534562575889986,54.492188,6.210938,2.6678978423629918
DE,offshore,4,54.0,6.5,53.9665,6.5493,offshore_fill_from_highest_capacity_cluster,2_fill_2,1,450.0,4.926122587460138,54.023438,6.445312,4.422771902932056
DE,onshore,1,54.0,8.5,53.91593925693443,8.453510408007466,capacity_weighted_kmeans_onshore,1,6,589.45,9.829543738747475,54.023438,8.554688,4.422771902932102
DE,onshore,2,53.5,13.5,53.58154989175359,13.591926825428066,capacity_weighted_kmeans_onshore,2,2,254.05,10.91442203745696,53.554688,13.476562,6.275267512820958
DE,onshore,3,49.0,9.0,49.038652370012095,9.04144137847642,capacity_weighted_kmeans_onshore,3,3,82.7,5.254026481402049,48.984375,9.023438,2.4378281231867542
DE,onshore,4,52.5,12.0,52.39764596988486,12.009813020372011,capacity_weighted_kmeans_onshore,4,2,225.8,11.400661702774391,52.5,11.953125,3.1730241213026327
DE,solar,1,51.5,13.0,51.6045001789609,13.061488967587536,capacity_weighted_kmeans_solar,1,5,1177.9109999999998,12.37321002802243,51.445312,13.007812,6.10505241789161
DE,solar,2,54.75,9.25,54.62955000000001,9.34596,capacity_weighted_kmeans_solar,2,1,83.6,14.745211094100867,54.726562,9.257812,2.653996279252192
DE,solar,3,53.5,11.75,53.5253,11.6569,capacity_weighted_kmeans_solar,3,1,172.0,6.7682757582800726,53.554688,11.71875,6.4222681668511274
DE,solar,4,49.75,8.75,49.653941052631566,8.756792336197636,capacity_weighted_kmeans_solar,4,9,186.20000000000002,10.692431588635664,49.804688,8.789062,6.69672379702121
FR,load,1,48.75,2.25,48.8566,2.3522,population_density_weighted_kmeans_load,1,1,,14.018800079117444,48.75,2.226562,1.7183782811067831
FR,load,2,45.25,5.0,45.141206637350564,4.9668770372406215,population_density_weighted_kmeans_load,2,2,,12.372560568655997,45.234375,5.039062,3.517366232957884
FR,load,3,43.5,1.5,43.6045,1.444,population_density_weighted_kmeans_load,3,1,,12.465469537642552,43.476562,1.523438,3.219850787989304
FR,load,4,50.75,3.0,50.63719999999999,3.0633,population_density_weighted_kmeans_load,4,1,,13.311721066618535,50.742188,3.046875,3.410576534665975
FR,offshore,1,50.0,0.5,49.9812,0.4538,offshore_ranked_capacity_cluster_1,1,1,497.0,3.908757095823663,50.039062,0.46875,4.8837288293412175
FR,offshore,2,48.75,-2.5,48.852,-2.539,offshore_ranked_capacity_cluster_2,2,1,496.0,11.696042379419321,48.75,-2.460938,2.863866027234881
FR,offshore,3,47.25,-2.75,47.16045900000001,-2.626559,offshore_ranked_capacity_cluster_3,3,1,480.0,13.641458829389823,47.226562,-2.695312,4.882472078764459
FR,offshore,4,50.0,0.25,49.9812,0.4538,offshore_fill_from_highest_capacity_cluster,1_fill_1,1,497.0,14.718600525171844,50.039062,0.234375,4.484659566010462
FR,onshore,1,42.75,2.75,42.72740000000001,2.7785999999999995,capacity_weighted_kmeans_onshore,1,1,96.0,3.430843729767863,42.773438,2.695312,5.16960195920684
FR,onshore,2,49.25,4.0,49.261314939024395,4.032190142276423,capacity_weighted_kmeans_onshore,2,2,147.6,2.653458645067264,49.21875,3.984375,3.655346982175638
FR,onshore,3,48.5,5.25,48.3835,5.3403,capacity_weighted_kmeans_onshore,3,1,80.0,14.566387250885613,48.515625,5.273438,2.4494764654794143
FR,onshore,4,44.25,2.75,44.1633,2.8282,capacity_weighted_kmeans_onshore,4,1,87.0,11.480127260635786,44.296875,2.695312,6.7916124589964575
FR,solar,1,44.75,-0.75,44.7262,-0.8077,capacity_weighted_kmeans_solar,1,1,300.0,5.27010330224409,44.765625,-0.703125,4.088680006276827
FR,solar,2,48.75,6.0,48.785378,5.979309,capacity_weighted_kmeans_solar,2,1,115.0,4.2160187850413235,48.75,5.976562,1.7183782811067512
FR,solar,3,49.5,3.75,49.5879,3.7003,capacity_weighted_kmeans_solar,3,1,87.5,10.411063545891974,49.453125,3.75,5.212262186463691
FR,solar,4,44.0,0.0,44.061,-0.014,capacity_weighted_kmeans_solar,4,1,67.5,6.8746130439581625,43.945312,0.0,6.081028148337488
